"","wins","winsProbs"
"1",0.006,0.00967698071741754
"2",0.029,0.0374302903704096
"3",0.14,0.117026005106981
"4",0.341,0.345304285558572
